{
  "test_1": {
    "total": 23,
    "success": 19,
    "issues": [
      {
        "name": "民國114年_警察特考/刑事警察/偵查法學",
        "question_count": 4,
        "issues": [
          "缺失题号: [1, 4, 5, 6, 7, 8, 9, 10, 11, 12, 13, 15, 16, 17, 18, 19, 20, 21, 22, 23, 24]"
        ]
      },
      {
        "name": "民國114年_警察特考/犯罪防治/諮商輔導與婦幼保護",
        "question_count": 3,
        "issues": [
          "重复题号: {25: 3}",
          "缺失题号: [1, 2, 3, 4, 5, 6, 7, 8, 9, 10, 11, 12, 13, 14, 15, 16, 17, 18, 19, 20, 21, 22, 23, 24]"
        ]
      },
      {
        "name": "民國114年_警察特考/外事警察/外事警察學",
        "question_count": 7,
        "issues": [
          "重复题号: {10: 2, 15: 3}",
          "缺失题号: [1, 2, 3, 4, 6, 7, 8, 9, 11, 12, 14]"
        ]
      },
      {
        "name": "民國114年_司法特考/監獄官/刑法與少年事件處理法",
        "question_count": 4,
        "issues": [
          "缺失题号: [2, 3, 4, 5, 6, 7, 9, 10, 11, 12, 13, 14, 16, 17, 18, 19, 20, 21, 22, 23, 24]"
        ]
      }
    ]
  },
  "test_2": {
    "total_with_answer": 19,
    "perfect_match": 19,
    "partial_match": 0,
    "match_rates": [
      100.0,
      100.0,
      100.0,
      100.0,
      100.0,
      100.0,
      100.0,
      100.0,
      100.0,
      100.0,
      100.0,
      100.0,
      100.0,
      100.0,
      100.0,
      100.0,
      100.0,
      100.0,
      100.0
    ]
  },
  "test_3": {
    "total": 5,
    "consistent": 5,
    "inconsistent": 0,
    "details": []
  },
  "test_4": {
    "total_files": 10,
    "total_time": 3.1793887615203857,
    "times": [
      0.2948007583618164,
      0.056618690490722656,
      0.09512019157409668,
      0.47345423698425293,
      0.3318033218383789,
      0.046323299407958984,
      0.7642800807952881,
      0.29038262367248535,
      0.4887247085571289,
      0.33788084983825684
    ],
    "questions_per_second": [
      33.921215316979435,
      10.513014991365115,
      42.24273105547305,
      75.34584000390893,
      65.42104296107185,
      34.43732229404583,
      40.92283375450031,
      73.99057985075943
    ]
  },
  "test_5": {
    "total": 5,
    "passed": 5,
    "failed": 0,
    "errors": []
  }
}