{
  "test_1": {
    "total": 19,
    "success": 19,
    "issues": []
  },
  "test_2": {
    "total_with_answer": 19,
    "perfect_match": 19,
    "partial_match": 0,
    "match_rates": [
      100.0,
      100.0,
      100.0,
      100.0,
      100.0,
      100.0,
      100.0,
      100.0,
      100.0,
      100.0,
      100.0,
      100.0,
      100.0,
      100.0,
      100.0,
      100.0,
      100.0,
      100.0,
      100.0
    ]
  },
  "test_3": {
    "total": 5,
    "consistent": 5,
    "inconsistent": 0,
    "details": []
  },
  "test_4": {
    "total_files": 10,
    "total_time": 3.63545560836792,
    "times": [
      0.6746654510498047,
      0.2894010543823242,
      0.710939884185791,
      0.1537785530090332,
      0.29048967361450195,
      0.05490446090698242,
      0.05657649040222168,
      0.37516117095947266,
      0.7363691329956055,
      0.2931697368621826
    ],
    "questions_per_second": [
      74.11080546987863,
      34.55412428038055,
      70.3294344742845,
      34.424631607630324,
      66.63802636094411,
      67.90072771871385,
      34.10993272030988
    ]
  },
  "test_5": {
    "total": 5,
    "passed": 5,
    "failed": 0,
    "errors": []
  }
}